section,current,erpnext,common_paths,identical,different,only_current,only_erpnext
.coderabbit.yml,0,1,0,0,0,0,1
.editorconfig,0,1,0,0,0,0,1
.env.local,1,0,0,0,0,1,0
.env.production,1,0,0,0,0,1,0
.eslintrc,0,1,0,0,0,0,1
.flake8,0,1,0,0,0,0,1
.git-blame-ignore-revs,0,1,0,0,0,0,1
.github,0,34,0,0,0,0,34
.gitignore,1,1,1,0,1,0,0
.mergify.yml,0,1,0,0,0,0,1
.pre-commit-config.yaml,0,1,0,0,0,0,1
.releaserc,0,1,0,0,0,0,1
.semgrepignore,0,1,0,0,0,0,1
.tmp_pos_sale_smoke.log,1,0,0,0,0,1,0
.vscode,1,0,0,0,0,1,0
AUDIT_REPORT_20260110.md,1,0,0,0,0,1,0
AZTA_SETUP.md,1,0,0,0,0,1,0
App.tsx,1,0,0,0,0,1,0
BASE_CURRENCY_MIGRATION_REPORT.md,1,0,0,0,0,1,0
CHANGELOG.md,1,0,0,0,0,1,0
CODEOWNERS,0,1,0,0,0,0,1
CODE_OF_CONDUCT.md,0,1,0,0,0,0,1
CONSOLIDATION_ENGINE_ARCHITECTURE.md,1,0,0,0,0,1,0
CURRENCY_FLOW_GL_PARTY_LEDGER.md,1,0,0,0,0,1,0
CURRENT_STATE_PARTY_LEDGER.md,1,0,0,0,0,1,0
DEPLOY_DB_REMOTE.md,1,0,0,0,0,1,0
DOCS,9,0,0,0,0,9,0
ENTERPRISE_GAP_ANALYSIS.md,1,0,0,0,0,1,0
ERP_AUDIT_REPORT_FULL.md,1,0,0,0,0,1,0
HIGH_INFLATION_APPLICATION_REPORT.md,1,0,0,0,0,1,0
HISTORICAL_ADJUSTMENTS_LEDGER.md,1,0,0,0,0,1,0
HISTORICAL_CURRENCY_ANOMALY_REPORT.md,1,0,0,0,0,1,0
HISTORICAL_RESTATEMENT_TARGETS.md,1,0,0,0,0,1,0
IMG-20260120-WA0037.jpg,1,0,0,0,0,1,0
INVENTORY_UOM_DIAGNOSTIC_REPORT.md,1,0,0,0,0,1,0
MULTI_CURRENCY_ARCHITECTURE.md,1,0,0,0,0,1,0
MULTI_CURRENCY_BREAKPOINTS.md,1,0,0,0,0,1,0
MULTI_CURRENCY_CURRENT_STATE.md,1,0,0,0,0,1,0
OWNER_MANUAL.md,1,0,0,0,0,1,0
PARTY_LEDGER_ARCHITECTURE.md,1,0,0,0,0,1,0
README.md,1,1,1,0,1,0,0
REPORTING_CURRENCY_INTEGRITY.md,1,0,0,0,0,1,0
RPC_DIAG.json,1,0,0,0,0,1,0
SECURITY.md,0,1,0,0,0,0,1
SETTLEMENT_ENGINE_ARCHITECTURE.md,1,0,0,0,0,1,0
SMOKE_BUDGET_ENTERPRISE_UPGRADE_REPORT.md,1,0,0,0,0,1,0
SMOKE_CONSOLIDATION_FULL_REPORT.md,1,0,0,0,0,1,0
SMOKE_CONSOLIDATION_REPORT.md,1,0,0,0,0,1,0
SMOKE_FULL_ENTERPRISE_REPORT.md,1,0,0,0,0,1,0
SMOKE_JOB_QUEUE_SCHEDULER_REPORT.md,1,0,0,0,0,1,0
SMOKE_LOCAL_FLOW_REPORT.md,1,0,0,0,0,1,0
SMOKE_MODERN_REPORT.md,1,0,0,0,0,1,0
SMOKE_PARTY_LEDGER_FULL.md,1,0,0,0,0,1,0
SMOKE_PARTY_LEDGER_REPORT.md,1,0,0,0,0,1,0
SMOKE_PAYROLL_DOCS_REPORT.md,1,0,0,0,0,1,0
SMOKE_REGRESSION_V2_REPORT.md,1,0,0,0,0,1,0
SMOKE_REPORTING_ENGINE.md,1,0,0,0,0,1,0
SMOKE_REPORTING_ENGINE_REPORT.md,1,0,0,0,0,1,0
SMOKE_REPORTING_ENTERPRISE_UPGRADE_REPORT.md,1,0,0,0,0,1,0
SMOKE_SETTLEMENT_ENGINE.md,1,0,0,0,0,1,0
SMOKE_SETTLEMENT_ENGINE_REPORT.md,1,0,0,0,0,1,0
SMOKE_TAMPER_DETECTION_REPORT.md,1,0,0,0,0,1,0
SMOKE_WORKFLOW_CORE_REPORT.md,1,0,0,0,0,1,0
SMOKE_WORKFLOW_ENGINE_REPORT.md,1,0,0,0,0,1,0
SMOKE_WORKFLOW_ESCALATION_REPORT.md,1,0,0,0,0,1,0
TRADEMARK_POLICY.md,0,1,0,0,0,0,1
ZZZ_SMOKE_TEST_WRITE.md,1,0,0,0,0,1,0
_book__2.0.pdf.txt,1,0,0,0,0,1,0
_book__2.2الجديد1.pdf.txt,1,0,0,0,0,1,0
_book__2.3.pdf.txt,1,0,0,0,0,1,0
_book__ERP___دليل_المستخدم_نظام_إدارة_العملاء_الإصدار_الثاني__اونكس_برو.pdf.txt,1,0,0,0,0,1,0
_book__ERP___دليل_المستخدم_نظام_إدارة_المبيعات_الإصدار_الثاني__اونكس_برو.pdf.txt,1,0,0,0,0,1,0
_book__ERP___دليل_المستخدم_نظام_إدارة_المخازن_الإصدار_الثاني__اونكس_برو.pdf.txt,1,0,0,0,0,1,0
_book__دليل_المستخدم__نظام_الأجور_والمرتبات__الإصدار_الثاني_أونكس_برو_ERP.pdf.txt,1,0,0,0,0,1,0
_book__دليل_المستخدم__نظام_الموارد_البشرية_الإصدار_الثاني_أونكس_برو__ERP.pdf.txt,1,0,0,0,0,1,0
_diag.txt,1,0,0,0,0,1,0
_tmp_compare.py,1,0,0,0,0,1,0
_txt_ERP___دليل_المستخدم_نظام_إدارة_العملاء_ا.txt,1,0,0,0,0,1,0
_txt_ERP___دليل_المستخدم_نظام_إدارة_المبيعات_.txt,1,0,0,0,0,1,0
_txt_ERP___دليل_المستخدم_نظام_إدارة_المخازن_ا.txt,1,0,0,0,0,1,0
all_inventory_triggers.sql,1,0,0,0,0,1,0
android,91,0,0,0,0,91,0
apply_hotfix.cjs,1,0,0,0,0,1,0
apply_perf_fixes.mjs,1,0,0,0,0,1,0
apply_perf_fixes2.mjs,1,0,0,0,0,1,0
apply_perf_fixes3.mjs,1,0,0,0,0,1,0
attributions.md,0,1,0,0,0,0,1
audit_online_orders.mjs,1,0,0,0,0,1,0
audit_orders_deep.mjs,1,0,0,0,0,1,0
audit_sales_returns.mjs,1,0,0,0,0,1,0
audit_settlements.mjs,1,0,0,0,0,1,0
babel_extractors.csv,0,1,0,0,0,0,1
backups,333,0,0,0,0,333,0
batch_lookup_c06a1518.json,1,0,0,0,0,1,0
book,8,0,0,0,0,8,0
book_vs_system_comparison.md.resolved,1,0,0,0,0,1,0
build_out.txt,1,0,0,0,0,1,0
capacitor.config.json,1,0,0,0,0,1,0
capture_error.mjs,1,0,0,0,0,1,0
check_app_settings.cjs,1,0,0,0,0,1,0
check_ar_fn.mjs,1,0,0,0,0,1,0
check_batches_data.mjs,1,0,0,0,0,1,0
check_cols.cjs,1,0,0,0,0,1,0
check_cols.js,1,0,0,0,0,1,0
check_funcs_for_data.mjs,1,0,0,0,0,1,0
check_id.cjs,1,0,0,0,0,1,0
check_local_funcs.mjs,1,0,0,0,0,1,0
check_orders.cjs,1,0,0,0,0,1,0
check_orders_data.mjs,1,0,0,0,0,1,0
check_plpgsql_select.mjs,1,0,0,0,0,1,0
check_po.sql,1,0,0,0,0,1,0
check_recompute.mjs,1,0,0,0,0,1,0
check_schema_for_data.mjs,1,0,0,0,0,1,0
check_stock.cjs,1,0,0,0,0,1,0
check_triggers.mjs,1,0,0,0,0,1,0
check_views.mjs,1,0,0,0,0,1,0
cleanup_verify.json,1,0,0,0,0,1,0
codecov.yml,0,1,0,0,0,0,1
commitlint.config.js,0,1,0,0,0,0,1
compare_migrations.mjs,1,0,0,0,0,1,0
complete_two_po_returns_result.json,1,0,0,0,0,1,0
components,77,0,0,0,0,77,0
config,1,0,0,0,0,1,0
constants,1,0,0,0,0,1,0
contexts,31,0,0,0,0,31,0
"criptssafe_rm_aliases.ps1 } catch{} ; Write-Output [Trae] Safe Rm alias is not enabled, try to fix it now.",1,0,0,0,0,1,0
crowdin.yml,0,1,0,0,0,0,1
data_dump_test.txt,1,0,0,0,0,1,0
database.types.ts,1,0,0,0,0,1,0
db_create_purchase_return_def.sql,1,0,0,0,0,1,0
db_functions.json,1,0,0,0,0,1,0
db_health_check.cjs,1,0,0,0,0,1,0
db_schema_temp.sql,1,0,0,0,0,1,0
db_snapshot_20260125_public_schema.sql,1,0,0,0,0,1,0
debug_employee_insert.sql,1,0,0,0,0,1,0
debug_final.mjs,1,0,0,0,0,1,0
debug_inventory_1410.sql,1,0,0,0,0,1,0
debug_journal.mjs,1,0,0,0,0,1,0
debug_journal2.mjs,1,0,0,0,0,1,0
debug_out.txt,1,0,0,0,0,1,0
debug_post_movement.mjs,1,0,0,0,0,1,0
debug_process_return.mjs,1,0,0,0,0,1,0
debug_triggers.mjs,1,0,0,0,0,1,0
debug_triggers2.mjs,1,0,0,0,0,1,0
debug_triggers3.mjs,1,0,0,0,0,1,0
deep_diag.mjs,1,0,0,0,0,1,0
deep_perf.mjs,1,0,0,0,0,1,0
deep_trace.mjs,1,0,0,0,0,1,0
deploy_align_v10_and_qty_result.json,1,0,0,0,0,1,0
deploy_dashboard_rpcs.cjs,1,0,0,0,0,1,0
deploy_debug_browser.mjs,1,0,0,0,0,1,0
deploy_debug_fn.mjs,1,0,0,0,0,1,0
deploy_fix_returns.mjs,1,0,0,0,0,1,0
deploy_migration.mjs,1,0,0,0,0,1,0
deploy_orders_improvements.mjs,1,0,0,0,0,1,0
deploy_phase5_product_report_qty_cost_alignment.json,1,0,0,0,0,1,0
deploy_phase6_returns_sales_cap.json,1,0,0,0,0,1,0
deploy_phase7_return_sales_effective_in_cost.json,1,0,0,0,0,1,0
deploy_phase8_v10_guardrail_cost.json,1,0,0,0,0,1,0
deploy_product_report_cogs_alignment_result.json,1,0,0,0,0,1,0
deploy_real_fix.mjs,1,0,0,0,0,1,0
deploy_restore_product_report_result.json,1,0,0,0,0,1,0
diag.ts,1,0,0,0,0,1,0
diag_anon.mjs,1,0,0,0,0,1,0
diag_order.mjs,1,0,0,0,0,1,0
diag_orders2.mjs,1,0,0,0,0,1,0
diag_rpc.mjs,1,0,0,0,0,1,0
diagnose6.cjs,1,0,0,0,0,1,0
diagnose_credit_orders.mjs,1,0,0,0,0,1,0
diagnose_prod_shifts_pg.cjs,1,0,0,0,0,1,0
diagnose_shifts_prod.mjs,1,0,0,0,0,1,0
dist,165,0,0,0,0,165,0
dump_accounts.sql,1,0,0,0,0,1,0
emergency_restore_log.txt,1,0,0,0,0,1,0
erpnext,0,4732,0,0,0,0,4732
final_diag.mjs,1,0,0,0,0,1,0
finalize_migrations.mjs,1,0,0,0,0,1,0
find_test_order.mjs,1,0,0,0,0,1,0
find_views.mjs,1,0,0,0,0,1,0
firebase.ts,1,0,0,0,0,1,0
fix_failed_migrations.mjs,1,0,0,0,0,1,0
fix_purge_candidates.mjs,1,0,0,0,0,1,0
fix_rls_final.sql,1,0,0,0,0,1,0
fix_schema_conflicts.mjs,1,0,0,0,0,1,0
formatted_db_functions.json,1,0,0,0,0,1,0
formatted_funcs.txt,1,0,0,0,0,1,0
formatted_schema_output.txt,1,0,0,0,0,1,0
full_schema_caty.sql,1,0,0,0,0,1,0
func.cjs,1,0,0,0,0,1,0
func.js,1,0,0,0,0,1,0
func_pim.json,1,0,0,0,0,1,0
get_fn_body.mjs,1,0,0,0,0,1,0
get_funcs.sql,1,0,0,0,0,1,0
get_recompute_fn.mjs,1,0,0,0,0,1,0
get_schema.cjs,1,0,0,0,0,1,0
index.css,1,0,0,0,0,1,0
index.html,1,0,0,0,0,1,0
index.tsx,1,0,0,0,0,1,0
inventory_management_full_audit_report.json,1,0,0,0,0,1,0
investigate_cancelled_payments.mjs,1,0,0,0,0,1,0
investigate_items.mjs,1,0,0,0,0,1,0
license.txt,0,1,0,0,0,0,1
local_migration_log.txt,1,0,0,0,0,1,0
metadata.json,1,0,0,0,0,1,0
migrate-colors.ps1,1,0,0,0,0,1,0
migration_status.txt,1,0,0,0,0,1,0
out.txt,1,0,0,0,0,1,0
out_funcs.txt,1,0,0,0,0,1,0
output.txt,1,0,0,0,0,1,0
output2.txt,1,0,0,0,0,1,0
output3.txt,1,0,0,0,0,1,0
output5.txt,1,0,0,0,0,1,0
output_batches.txt,1,0,0,0,0,1,0
output_batches_real.txt,1,0,0,0,0,1,0
output_cogs.txt,1,0,0,0,0,1,0
output_cogs2.txt,1,0,0,0,0,1,0
output_cogs3.txt,1,0,0,0,0,1,0
output_cogs4.txt,1,0,0,0,0,1,0
output_cogs5.txt,1,0,0,0,0,1,0
output_cogs6.txt,1,0,0,0,0,1,0
output_cols.txt,1,0,0,0,0,1,0
output_cost.txt,1,0,0,0,0,1,0
output_fix.txt,1,0,0,0,0,1,0
output_fix2.txt,1,0,0,0,0,1,0
output_fix3.txt,1,0,0,0,0,1,0
output_fix4.txt,1,0,0,0,0,1,0
output_fix5.txt,1,0,0,0,0,1,0
output_fix6.txt,1,0,0,0,0,1,0
output_fix7.txt,1,0,0,0,0,1,0
output_fix8.txt,1,0,0,0,0,1,0
output_qc.txt,1,0,0,0,0,1,0
output_qc10.txt,1,0,0,0,0,1,0
output_qc11.txt,1,0,0,0,0,1,0
output_qc12.txt,1,0,0,0,0,1,0
output_qc13.txt,1,0,0,0,0,1,0
output_qc14.txt,1,0,0,0,0,1,0
output_qc15.txt,1,0,0,0,0,1,0
output_qc16.txt,1,0,0,0,0,1,0
output_qc17.txt,1,0,0,0,0,1,0
output_qc18.txt,1,0,0,0,0,1,0
output_qc19.txt,1,0,0,0,0,1,0
output_qc2.txt,1,0,0,0,0,1,0
output_qc20.txt,1,0,0,0,0,1,0
output_qc3.txt,1,0,0,0,0,1,0
output_qc4.txt,1,0,0,0,0,1,0
output_qc5.txt,1,0,0,0,0,1,0
output_qc6.txt,1,0,0,0,0,1,0
output_qc7.txt,1,0,0,0,0,1,0
output_qc8.txt,1,0,0,0,0,1,0
output_qc9.txt,1,0,0,0,0,1,0
output_tables.txt,1,0,0,0,0,1,0
output_widgets.txt,1,0,0,0,0,1,0
output_widgets2.txt,1,0,0,0,0,1,0
output_widgets3.txt,1,0,0,0,0,1,0
output_widgets4.txt,1,0,0,0,0,1,0
output_widgets5.txt,1,0,0,0,0,1,0
output_widgets6.txt,1,0,0,0,0,1,0
package-lock.json,1,0,0,0,0,1,0
package.json,1,1,1,0,1,0,0
perf_diagnostic.mjs,1,0,0,0,0,1,0
pg_test.mjs,1,0,0,0,0,1,0
phaseB_bad_batches_detail.json,1,0,0,0,0,1,0
playwright,20,0,0,0,0,20,0
playwright-report,18,0,0,0,0,18,0
playwright.config.ts,1,0,0,0,0,1,0
po_full_return_plan.json,1,0,0,0,0,1,0
po_two_remaining_diagnose.json,1,0,0,0,0,1,0
postcss.config.js,1,0,0,0,0,1,0
print_schema.cjs,1,0,0,0,0,1,0
process_sales_return_body.sql,1,0,0,0,0,1,0
prod_diag.mjs,1,0,0,0,0,1,0
prod_schema_dump.sql,1,0,0,0,0,1,0
product_anomalies_stage2_repair_error.json,1,0,0,0,0,1,0
product_anomalies_stage2_strict_repair.json,1,0,0,0,0,1,0
product_anomalies_stage3_ledger_repair.json,1,0,0,0,0,1,0
product_margin_audit_report.json,1,0,0,0,0,1,0
product_margin_audit_report_after_fix.json,1,0,0,0,0,1,0
product_margin_rootcause_report.json,1,0,0,0,0,1,0
product_margin_rootcause_report_after_fix.json,1,0,0,0,0,1,0
public,15,0,0,0,0,15,0
push-output.txt,1,0,0,0,0,1,0
push_all_migrations.mjs,1,0,0,0,0,1,0
push_out.txt,1,0,0,0,0,1,0
push_prod_output.txt,1,0,0,0,0,1,0
pyproject.toml,0,1,0,0,0,0,1
read_logs.mjs,1,0,0,0,0,1,0
read_rebuild_fn.mjs,1,0,0,0,0,1,0
remaining_bad_batches_after_phaseA.json,1,0,0,0,0,1,0
remaining_return_uom_anomalies.json,1,0,0,0,0,1,0
repair_cancelled_orders_balance_global_result.json,1,0,0,0,0,1,0
repair_cancelled_orders_missing_return_in_water_result.json,1,0,0,0,0,1,0
repair_global_orphan_batches_and_cogs_result.json,1,0,0,0,0,1,0
repair_inventory_management_phase21_result.json,1,0,0,0,0,1,0
repair_inventory_management_phase3_fx_result.json,1,0,0,0,0,1,0
repair_inventory_management_phaseA_result.json,1,0,0,0,0,1,0
repair_inventory_management_phaseB_result.json,1,0,0,0,0,1,0
repair_purchase_returns_uom_base_all_result.json,1,0,0,0,0,1,0
repair_specific_items_purchase_cost_result.json,1,0,0,0,0,1,0
repair_two_cases_targeted_result.json,1,0,0,0,0,1,0
repair_two_items_batches_and_cogs_result.json,1,0,0,0,0,1,0
report_awaiting.mjs,1,0,0,0,0,1,0
report_awaiting2.mjs,1,0,0,0,0,1,0
report_cancelled.mjs,1,0,0,0,0,1,0
research_orders.mjs,1,0,0,0,0,1,0
resources,2,0,0,0,0,2,0
returned_batches_by_item_audit.json,1,0,0,0,0,1,0
review_schema.sql,1,0,0,0,0,1,0
run_diag.mjs,1,0,0,0,0,1,0
run_migration.mjs,1,0,0,0,0,1,0
run_trace.mjs,1,0,0,0,0,1,0
schema_output.json,1,0,0,0,0,1,0
schema_output.txt,1,0,0,0,0,1,0
screens,102,0,0,0,0,102,0
scripts,233,0,0,0,0,233,0
seed_data.sql,1,0,0,0,0,1,0
semgrep,0,1,0,0,0,0,1
sider.yml,0,1,0,0,0,0,1
smoke_return_uom_fx_result.json,1,0,0,0,0,1,0
smoke_stderr.txt,1,0,0,0,0,1,0
smoke_stdout.txt,1,0,0,0,0,1,0
sponsors.md,0,1,0,0,0,0,1
sql,8,0,0,0,0,8,0
src,2,0,0,0,0,2,0
stage2_repair_ping.txt,1,0,0,0,0,1,0
stage2_strict_ping.txt,1,0,0,0,0,1,0
stock_batch_mismatch_detail.json,1,0,0,0,0,1,0
stock_return_unbatched_analysis.json,1,0,0,0,0,1,0
supabase,1228,0,0,0,0,1228,0
supabase.ts,1,0,0,0,0,1,0
supabase_dump.log,1,0,0,0,0,1,0
supabase_push_error.log,1,0,0,0,0,1,0
supabase_push_log.txt,1,0,0,0,0,1,0
supabase_push_log2.txt,1,0,0,0,0,1,0
supabase_push_log3.txt,1,0,0,0,0,1,0
t,1,0,0,0,0,1,0
tailwind.config.js,1,0,0,0,0,1,0
targeted_cogs_repair_result.json,1,0,0,0,0,1,0
tash@{0},1,0,0,0,0,1,0
test-results,2,0,0,0,0,2,0
test.sql,1,0,0,0,0,1,0
test_api.cjs,1,0,0,0,0,1,0
test_api.js,1,0,0,0,0,1,0
test_as_user.mjs,1,0,0,0,0,1,0
test_as_user2.mjs,1,0,0,0,0,1,0
test_cancel.sql,1,0,0,0,0,1,0
test_delivery.cjs,1,0,0,0,0,1,0
test_delivery2.cjs,1,0,0,0,0,1,0
test_employee_insert.js,1,0,0,0,0,1,0
test_employee_insert_pure.mjs,1,0,0,0,0,1,0
test_fefo.cjs,1,0,0,0,0,1,0
test_pg_error.mjs,1,0,0,0,0,1,0
test_pg_where.mjs,1,0,0,0,0,1,0
test_post_inv.mjs,1,0,0,0,0,1,0
test_rest.mjs,1,0,0,0,0,1,0
test_rpc.cjs,1,0,0,0,0,1,0
test_rpc.mjs,1,0,0,0,0,1,0
test_rpcs.cjs,1,0,0,0,0,1,0
tests,9,0,0,0,0,9,0
tmp_analyze_returns.mjs,1,0,0,0,0,1,0
tmp_anomaly_check.js,1,0,0,0,0,1,0
tmp_anomaly_check.mjs,1,0,0,0,0,1,0
tmp_anomaly_output.txt,1,0,0,0,0,1,0
tmp_anomaly_output2.txt,1,0,0,0,0,1,0
tmp_anomaly_output_clean.json,1,0,0,0,0,1,0
tmp_audit.cjs,1,0,0,0,0,1,0
tmp_audit_mira.cjs,1,0,0,0,0,1,0
tmp_audit_mira_result.json,1,0,0,0,0,1,0
tmp_case1_orders.json,1,0,0,0,0,1,0
tmp_case2_item.json,1,0,0,0,0,1,0
tmp_check_dup_triggers.mjs,1,0,0,0,0,1,0
tmp_check_prod_env.mjs,1,0,0,0,0,1,0
tmp_check_stuck_po_returns.mjs,1,0,0,0,0,1,0
tmp_check_stuck_po_returns2.mjs,1,0,0,0,0,1,0
tmp_check_stuck_po_returns3.mjs,1,0,0,0,0,1,0
tmp_check_stuck_po_returns_clean.mjs,1,0,0,0,0,1,0
tmp_dump_functions.mjs,1,0,0,0,0,1,0
tmp_extract.js,1,0,0,0,0,1,0
tmp_func_src.txt,1,0,0,0,0,1,0
tmp_get_batches_cols.mjs,1,0,0,0,0,1,0
tmp_get_batches_rpc.mjs,1,0,0,0,0,1,0
tmp_get_old_func.mjs,1,0,0,0,0,1,0
tmp_get_trigger_func.mjs,1,0,0,0,0,1,0
tmp_list_mira_items.cjs,1,0,0,0,0,1,0
tmp_list_mira_items_result.json,1,0,0,0,0,1,0
tmp_local_public.sql,1,0,0,0,0,1,0
tmp_local_schema.sql,1,0,0,0,0,1,0
tmp_query.js,1,0,0,0,0,1,0
tmp_query.sql,1,0,0,0,0,1,0
tmp_query_anomaly_rpc.mjs,1,0,0,0,0,1,0
tmp_query_batch_balance.mjs,1,0,0,0,0,1,0
tmp_query_batch_detailed.mjs,1,0,0,0,0,1,0
tmp_query_batch_details.mjs,1,0,0,0,0,1,0
tmp_query_batch_details2.mjs,1,0,0,0,0,1,0
tmp_query_batch_details3.mjs,1,0,0,0,0,1,0
tmp_query_batch_history.mjs,1,0,0,0,0,1,0
tmp_query_batch_sharing.mjs,1,0,0,0,0,1,0
tmp_query_batches.mjs,1,0,0,0,0,1,0
tmp_query_batches2.mjs,1,0,0,0,0,1,0
tmp_query_batches_po.mjs,1,0,0,0,0,1,0
tmp_query_item_anomaly.mjs,1,0,0,0,0,1,0
tmp_query_item_pg.cjs,1,0,0,0,0,1,0
tmp_query_item_pg.js,1,0,0,0,0,1,0
tmp_query_po_returns.mjs,1,0,0,0,0,1,0
tmp_query_returns.mjs,1,0,0,0,0,1,0
tmp_query_returns2.mjs,1,0,0,0,0,1,0
tmp_query_schema.mjs,1,0,0,0,0,1,0
tmp_query_schema2.mjs,1,0,0,0,0,1,0
tmp_query_schema3.mjs,1,0,0,0,0,1,0
tmp_query_schema4.mjs,1,0,0,0,0,1,0
tmp_query_schema5.mjs,1,0,0,0,0,1,0
tmp_query_specific_pos.mjs,1,0,0,0,0,1,0
tmp_query_specific_pos2.mjs,1,0,0,0,0,1,0
tmp_query_stuck_returns.mjs,1,0,0,0,0,1,0
tmp_query_trigger_func.mjs,1,0,0,0,0,1,0
tmp_query_triggers.js,1,0,0,0,0,1,0
tmp_query_triggers.mjs,1,0,0,0,0,1,0
tmp_remote_public.sql,1,0,0,0,0,1,0
tmp_remote_schema.sql,1,0,0,0,0,1,0
tmp_run_diag_batch_costs.mjs,1,0,0,0,0,1,0
tmp_schema.sql,1,0,0,0,0,1,0
tmp_schema_dump.sql,1,0,0,0,0,1,0
tmp_test_db.mjs,1,0,0,0,0,1,0
tmp_test_po.js,1,0,0,0,0,1,0
tmp_test_sale.mjs,1,0,0,0,0,1,0
tmp_test_sale2.mjs,1,0,0,0,0,1,0
tmp_trigger_check.mjs,1,0,0,0,0,1,0
trace2.mjs,1,0,0,0,0,1,0
trace_final.mjs,1,0,0,0,0,1,0
trace_return_error.mjs,1,0,0,0,0,1,0
trace_with_new_key.mjs,1,0,0,0,0,1,0
transaction-deletion-import-logic-summary.md,0,1,0,0,0,0,1
trigger_check_purchase_return_guard.json,1,0,0,0,0,1,0
trigger_funcs.json,1,0,0,0,0,1,0
tsconfig.json,1,0,0,0,0,1,0
tsconfig.node.json,1,0,0,0,0,1,0
tsconfig.playwright.json,1,0,0,0,0,1,0
two_cases_diagnose_prod.json,1,0,0,0,0,1,0
two_focus_items_diagnose.json,1,0,0,0,0,1,0
two_items_deep_diagnose.json,1,0,0,0,0,1,0
two_items_post_fix_audit.json,1,0,0,0,0,1,0
types-deno-edge.d.ts,1,0,0,0,0,1,0
types-node,1,0,0,0,0,1,0
types.ts,1,0,0,0,0,1,0
uom-migration-template,3,0,0,0,0,3,0
utils,32,0,0,0,0,32,0
verify_returns_audit.mjs,1,0,0,0,0,1,0
verify_shift_transfer.sql,1,0,0,0,0,1,0
vite.config.ts,1,0,0,0,0,1,0
void_cancelled_payments.mjs,1,0,0,0,0,1,0
water_final_consistency_check.json,1,0,0,0,0,1,0
water_items_gap_diagnose.json,1,0,0,0,0,1,0
why_batch_remaining_issue.json,1,0,0,0,0,1,0
yarn.lock,0,1,0,0,0,0,1
